<?xml version="1.0" encoding="UTF-8"?>
<TEI xmlns="http://www.tei-c.org/ns/1.0" version="5.0" xml:id="sa_bARa-kAdambarI">
  <teiHeader xml:lang="eng">
    <fileDesc>
      <titleStmt>
        <title type="main" xml:lang="san-Latn">Kādambarī</title>
        <author xml:lang="san-Latn">Bāṇa</author>
	<principal>
	  <persName ref="http://viaf.org/viaf/372149294434280521495">
	    <forename>Andrew</forename>
	    <surname>Ollett</surname>
	  </persName>
	</principal>
      </titleStmt>

      <publicationStmt>
        <authority>SARIT: Search and Retrieval of Indic Texts</authority>
        <availability status="restricted">
          <p>Distributed under a <ref target="https://creativecommons.org/licenses/by-sa/4.0/" type="url">Creative Commons Attribution-ShareAlike 4.0</ref> license.</p>
        </availability>
        <date when="2022-02-01">February 1, 2022</date>
      </publicationStmt>

      <sourceDesc>
        <biblStruct xml:id="P">
	  <monogr>
            <title level="m">Kâdambarî by Bâṇa and His Son, Part I (Sanskrit Text)</title>
            <editor>
	      <persName>
		<forename>Peter</forename>
		<surname>Peterson</surname>
	      </persName>
	    </editor>
	    <imprint>
	      <publisher>Government Central Book Depôt</publisher>
	      <pubPlace>Bombay</pubPlace>
	      <date when="1883">1883</date>
	    </imprint>
	  </monogr>
	  <series>
	    <title level="s">Bombay Sanskrit Series</title>
	    <biblScope>No. XXIV</biblScope>
	  </series>
	</biblStruct>
      </sourceDesc>
    </fileDesc>

    <profileDesc>
      <langUsage>
	<language ident="eng">English</language>
	<language ident="san-Latn">Sanskrit in Roman transliteration (ISO-15919)</language>
      </langUsage>
      <textClass>
	<keywords>
	  <term>Bāṇa</term>
	  <term>Gadyakāvya</term>
	  <term>Romance</term>
	  <term>Prose</term>
	  <term>Novel</term>
	  <term>Kādambarī</term>
	</keywords>
      </textClass>
    </profileDesc>


    <encodingDesc>
      <editorialDecl>
        <p>This SARIT edition is based on Peter Peterson’s 1883 edition. I (Andrew Ollett) ran it through Google Cloud Vision OCR, then automatically transliterated the output and added some structure and corrected mistakes when I spotted them. Surely some mistakes will remain.</p>
      </editorialDecl>
    </encodingDesc>

    <revisionDesc>
      <change when="2022-02-01" who="Andrew Ollett">
	<list>
	  <item>Initial version.</item>
	</list>
      </change>
    </revisionDesc>
  </teiHeader>
  <text xml:lang="san-Latn">
    <body>
<div type="section" n="pūrvabhāgaḥ">
<pb n="1"/>
<lb n="1"/><lg n="1"><l>rajōjuṣē janmani sattvavr̥ttayē<caesura/>
<lb n="2"/>sthitau prajānāṁ pralayē tamaḥspr̥śē</l>
<lb n="3"/><l>ajāya sargasthitināśahētavē<caesura/>
<lb n="4"/>trayīmayāya triguṇātmanē namaḥ</l></lg>
<lb n="5"/><lg n="2"><l>jayanti bāṇāsuramaulilālitā<caesura/>
<lb n="6"/>daśāsyacūḍāmaṇicakracumbinaḥ</l>
<lb n="7"/><l>surāsurādhīśaśikhāntaśāyinō<caesura/>
<lb n="8"/>bhavacchidakhyambakapādapāṁśavaḥ</l></lg>
<lb n="9"/><lg n="3"><l>jayatyupēndraḥ sa cakāra dūratō<caesura/>
<lb n="10"/>bibhitsayā yaḥ kṣaṇalabdhalakṣyayā</l>
<lb n="11"/><l>dr̥śaiva kōpāruṇayā ripōruraḥ<caesura/>
<lb n="12"/>svayaṁ bhayādbhinamivāsapāṭalam</l></lg>
<lb n="13"/><lg n="4"><l>namāmi bhācaraṇāmbujayaṁ<caesura/>
<lb n="14"/>saśēkharaukharibhiḥ kr̥tārcanam</l>
<lb n="15"/><l>samastasāmantakirīṭavēdikā-<caesura/>
<lb n="16"/>viṭaṅgapīṭhōlluṭhitāruṇāṅguli</l></lg>
</div>
</body>
</text>
</TEI>
