<TEI>
  <body>
    <div n="kathāvatāra">
      <pb n="319"/><p xml:id="p319_l1" n="319,1">|| śrīgaṇeśāya namaḥ || <lb n="2"/></p>
      <lg xml:id="p319_l2" n="319,2">
        <l>sadbhyo yathārhamabhipūjya sapradakṣiṇaṃ praṇāmaṃ nirmāya |<lb n="3"/></l>
        <l>ātmānaṃ putraviṣayiṇaṃ kartumupakrame medinīnāyakapriyaḥ ||<lb n="4"/></l>
      </lg>
      <p xml:id="p319_l4" n="319,4">bho tatrabhavanto bhavantaḥ pratyekaśo bṛhaspatisamānavaibhavāḥ | tarhi mama saṃpattiratiśāyinī | nāhaṃ dhanasya <lb n="5"/> vidyamānasya saṃkhyāṃ kalayāmi | paraṃ tu mama tanayo nāsti | kimatra kāraṇam | tatastaiḥ samastairapi saṃbhūya  <lb n="6"/> jagade | haradatta dattakarṇamākarṇayatu bhavān | sarvaṃ jānīte | tarhyetāvadeva jñānasya kimiti gocarata<lb n="7" break="no"/>yā vidhuro 'si | itare padārthāḥ sarve 'pyudyamādhikaraṇasāmagryā prāduṣkārayituṃ śakyāḥ | paraṃ yaśastathā <lb n="8"/> saṃtatiśca sukṛtasaṃcayavañcanayā na kathaṃcana tadubhayaṃ sādhayituṃ śakyate |  <lb n="9"/></p>
      <lg xml:id="p319_l9" n="319,9">
        <head>uktaṃ ca |</head>
        <l>pañca kāmayate kuntī tatputrāṇāṃ vadhūrapi |<lb n="10"/></l>
        <l>satīṃ vadati loko 'yaṃ yaśaḥ puṇyairavāpyate ||<lb n="11"/></l>
      </lg>
      <p xml:id="p319_l11" n="319,11">manaḥkāṅkṣito manorathastadānīmevāsādyate yadā parameśvare niratiśāyinī bhaktirjāgarti | parameśvarānugrahaṃ <lb n="12"/> vinā na kāpi kāmanā phalāya kalpate |  <lb n="13"/></p>
      <lg type="group" n="319,13" xml:id="p319_l13">
        <lg>
          <head>abhihitaṃ ca |</head>
          <l>nirantarasukhāpekṣā hṛdaye vartate yadi |<lb n="14"/></l>
          <l>tyaktvā bhavabhavānbhāvānbhavānīvallabhaṃ bhaja ||<lb n="15"/></l>
        </lg>
        <lg>
          <l>pade pade nidhānāni yojane yojane bilam |<lb n="16"/></l>
          <l>aprasanne virūpākṣe kutaḥ kṣīreṇa bhojanam ||<lb n="17"/></l>
        </lg>
      </lg>
      <p xml:id="p319_l17" n="319,17">ityabhihite tena haradattena parameśvaraprītiprakarṣodayasiddhaye vividhadānapuṇyarudrajapakoṭihomādi pramukhakarma <lb n="18"/> kartumādadhre | tena sukṛtātiśayena tasya tanayaḥ samajaniṣṭa | tasminputrajanidine haradattaḥ paṭahodghoṣapuraḥsaraṃ  <lb n="19"/> yāvanto yācakāstānadaridrānakārṣīt | arthināmavasarātikramo nātighaṭiṣṭa |  <lb n="20"/></p>
      <lg xml:id="p319_l20" n="319,20">
        <head>tathā cābhihitam |</head>
        <l>putre jāte vyatīpāte saṃkrāntau grahaṇe tathā |<lb n="21"/></l>
        <l>khalu yajñe vivāhe ca dattaṃ bhavati cākṣayam ||<lb n="22"/></l>
      </lg>
      <p xml:id="p319_l22" n="319,22">tanayajanane yatkiṃciddānādi sukṛtaṃ vidhīyate tena śreyasā bālakasyāyurvardhate grahāḥ sugrahā bhavanti <lb n="23"/> sarve 'pyupadravāḥ pradrāvyante |  <lb n="24"/></p>
      <lg xml:id="p319_l24" n="319,24">
        <head>uktaṃ ca |</head>
        <l>mantre tīrthe dvije deve daivajñe bheṣa≤ce≥«je» gurau |<lb n="25"/></l>
        <l>yādṛśī bhāvanā yatra siddhirbhavati tādṛśī ||<lb n="26"/></l>
      </lg>
    </div>
  </body>
</TEI>
